movie_id,total_ratings,average_rating
1,2,4.25
2,1,4.5
3,2,4.75
4,1,4.5
5,1,2.0
6,4,3.375
7,2,4.75
9,1,4.0
10,11,3.8636363636363638
11,44,4.318181818181818
12,1,5.0
13,46,4.076086956521739
14,1,3.5
15,2,4.25
16,1,3.0
17,54,4.12037037037037
20,3,3.8333333333333335
21,2,4.75
22,2,4.25
23,37,4.405405405405405
24,4,3.625
25,1,0.0
26,1,5.0
27,3,2.6666666666666665
28,4,3.5
29,1,4.5
30,5,4.3
31,2,4.5
32,3,4.0
33,1,5.0
34,1,4.5
35,1,3.0
36,3,3.5
38,3,4.0
39,1,4.5
40,1,4.5
41,31,4.209677419354839
44,3,4.166666666666667
45,53,4.254716981132075
47,4,4.375
48,45,4.277777777777778
50,1,5.0
51,39,4.0256410256410255
53,3,4.5
54,1,3.0
55,1,4.5
57,2,4.5
58,1,4.5
59,3,4.5
60,3,4.333333333333333
62,7,3.7142857142857144
65,2,4.25
66,1,5.0
71,1,5.0
72,2,4.0
75,3,3.6666666666666665
76,2,5.0
78,2,4.75
79,1,4.5
80,1,4.5
82,2,4.5
83,1,5.0
85,1,5.0
86,42,4.285714285714286
88,1,5.0
89,2,4.0
90,4,4.0
91,1,4.5
92,1,4.0
93,2,4.0
95,1,2.5
96,1,4.5
97,1,4.0
100,1,5.0
101,1,5.0
102,2,3.75
104,3,4.333333333333333
105,33,4.075757575757576
106,2,4.25
107,4,3.875
108,1,3.5
109,167,4.287425149700598
111,2,2.25
113,1,5.0
114,1,5.0
115,1,5.0
116,1,4.5
117,1,4.5
118,51,4.2745098039215685
119,3,4.666666666666667
121,4,4.25
123,4,4.75
124,1,2.5
125,1,5.0
126,39,4.282051282051282
128,1,4.0
131,1,4.5
133,2,4.0
134,3,4.5
135,9,4.166666666666667
137,1,3.0
138,2,3.75
139,3,3.5
140,2,4.75
141,1,3.0
142,1,3.0
144,2,5.0
148,1,3.5
150,1,4.5
151,2,4.25
152,2,4.5
153,1,4.5
154,3,4.333333333333333
155,2,5.0
156,1,4.5
157,1,4.5
158,2,4.25
159,1,3.0
160,1,4.0
161,2,4.75
162,7,3.142857142857143
164,1,4.5
165,1,5.0
166,38,3.986842105263158
167,4,3.875
168,2,3.5
169,2,4.5
170,2,4.0
171,1,4.5
173,3,4.166666666666667
174,26,4.384615384615385
176,1,3.0
178,2,4.75
179,1,2.5
180,1,3.0
181,3,4.333333333333333
182,1,5.0
183,49,4.183673469387755
184,2,4.5
185,1,3.5
187,52,4.163461538461538
188,6,3.9166666666666665
191,43,4.255813953488372
193,1,5.0
194,49,4.326530612244898
195,1,5.0
197,7,4.071428571428571
198,4,4.375
199,1,5.0
200,1,4.5
201,2,2.0
202,1,4.5
204,2,4.25
205,1,0.0
206,5,3.3
207,47,4.351063829787234
209,1,5.0
210,8,4.4375
212,6,4.416666666666667
213,2,4.5
214,3,4.666666666666667
216,1,4.5
217,38,4.2368421052631575
218,1,4.5
219,3,4.833333333333333
220,1,4.0
221,2,4.5
223,3,3.8333333333333335
224,59,4.271186440677966
225,1,5.0
226,2,4.5
227,1,3.0
230,2,4.25
233,2,4.25
234,47,4.095744680851064
235,3,4.166666666666667
236,3,4.666666666666667
237,3,4.166666666666667
238,45,4.166666666666667
239,2,4.25
240,42,4.011904761904762
241,1,4.5
242,3,4.5
243,1,5.0
247,1,3.5
249,37,4.216216216216216
251,1,5.0
252,2,4.0
253,2,4.25
254,1,4.5
255,1,5.0
256,1,4.5
257,4,4.25
260,2,4.25
261,38,4.0394736842105265
263,1,4.5
264,1,4.0
265,2,4.75
266,3,3.0
267,1,4.5
269,50,4.04
270,5,4.3
271,1,4.5
272,1,4.5
273,1,5.0
274,3,4.5
275,38,3.973684210526316
277,2,4.75
279,44,4.181818181818182
280,1,5.0
281,2,4.5
282,2,2.75
283,53,4.169811320754717
284,1,1.0
285,50,4.14
286,2,4.75
287,2,4.25
288,3,4.166666666666667
289,1,4.5
290,4,4.625
291,1,1.5
292,1,4.5
293,1,4.0
294,1,4.0
295,3,3.6666666666666665
296,39,4.089743589743589
298,5,4.3
299,1,4.5
300,2,4.75
301,5,4.7
302,52,4.0673076923076925
303,4,3.375
304,3,4.333333333333333
305,1,4.0
306,2,3.5
307,4,4.75
308,1,5.0
309,1,4.5
310,1,4.5
311,1,5.0
312,1,4.5
315,1,4.0
319,2,4.5
321,1,5.0
322,2,4.0
323,2,5.0
324,1,3.5
325,1,4.5
326,2,4.75
327,2,3.25
328,2,4.25
329,36,4.083333333333333
330,2,4.75
331,44,4.261363636363637
332,2,4.0
335,1,5.0
336,1,5.0
337,1,5.0
338,1,5.0
340,1,3.0
342,1,5.0
343,1,4.5
344,2,4.25
345,1,4.5
346,2,4.5
347,1,4.0
348,1,4.5
349,1,4.5
351,3,3.1666666666666665
352,2,4.75
353,1,4.0
354,2,2.5
355,1,4.0
356,2,4.25
357,1,4.5
359,4,3.75
360,41,4.085365853658536
361,4,4.125
362,2,5.0
363,1,4.0
364,2,4.5
365,3,4.333333333333333
366,1,5.0
367,1,4.0
368,1,5.0
369,2,5.0
372,1,5.0
373,4,3.0
374,2,5.0
375,2,3.5
376,1,3.0
378,114,4.092105263157895
380,41,4.158536585365853
381,3,4.333333333333333
383,1,5.0
384,2,4.75
386,3,4.5
387,2,3.0
389,2,5.0
390,2,3.0
392,6,4.333333333333333
393,2,2.5
394,1,5.0
397,1,4.5
398,1,5.0
402,2,4.5
403,2,4.25
404,1,4.0
406,3,4.833333333333333
407,2,4.5
409,2,4.75
410,2,4.25
413,1,5.0
414,4,4.125
415,1,3.5
416,1,4.5
419,2,4.75
420,30,4.466666666666667
421,2,4.5
423,1,4.5
426,36,4.194444444444445
427,2,4.75
428,6,4.666666666666667
429,2,4.75
431,3,4.666666666666667
433,1,4.5
434,35,4.5
435,1,4.0
436,1,4.0
437,46,4.1521739130434785
438,39,4.230769230769231
439,37,4.351351351351352
440,1,4.0
441,2,4.75
443,2,4.25
445,1,5.0
446,42,4.25
447,38,4.342105263157895
448,3,1.0
449,4,4.75
452,2,3.5
453,1,4.0
454,37,4.054054054054054
455,2,4.0
456,2,4.5
458,4,4.125
459,1,4.5
460,1,2.0
462,27,3.7962962962962963
464,2,3.5
466,4,4.5
469,1,4.0
472,42,4.214285714285714
473,1,4.5
474,1,4.5
475,4,3.625
476,1,4.5
477,1,5.0
479,3,3.6666666666666665
481,1,3.5
482,1,4.5
484,1,4.5
485,2,3.75
486,2,2.5
488,49,4.295918367346939
490,1,4.5
491,1,5.0
493,1,4.0
495,1,3.0
496,2,5.0
497,1,5.0
498,1,4.5
500,2,4.0
501,3,4.333333333333333
502,3,4.333333333333333
503,2,4.0
504,40,4.1625
505,1,5.0
506,2,4.75
507,56,4.383928571428571
508,1,0.0
510,5,4.6
511,3,4.333333333333333
512,1,4.5
513,1,3.5
514,2,4.75
515,2,5.0
516,60,4.116666666666666
517,2,3.5
518,6,3.9166666666666665
519,3,4.666666666666667
520,7,4.714285714285714
522,1,5.0
523,1,3.0
524,1,4.5
525,31,4.32258064516129
526,36,4.291666666666667
527,3,4.5
528,1,4.5
529,1,5.0
530,5,4.5
531,4,4.625
532,5,4.2
533,1,1.5
534,38,4.184210526315789
535,1,5.0
538,1,5.0
542,3,4.333333333333333
543,1,4.5
545,6,4.333333333333333
546,2,3.75
547,2,4.75
548,1,2.0
550,2,5.0
551,2,5.0
552,37,4.418918918918919
553,3,3.8333333333333335
554,1,4.5
555,2,4.0
556,3,4.166666666666667
557,1,4.0
558,54,4.287037037037037
559,4,4.5
561,1,4.0
562,4,4.125
564,1,4.5
565,1,4.5
566,1,5.0
567,3,4.166666666666667
568,3,4.666666666666667
569,50,4.67
570,51,4.137254901960785
571,2,5.0
572,3,4.5
573,1,3.5
574,41,4.487804878048781
575,2,4.25
576,1,5.0
577,2,5.0
578,3,4.166666666666667
579,49,4.479591836734694
580,2,4.5
581,2,4.75
582,1,4.5
584,3,3.6666666666666665
585,1,5.0
587,1,4.0
588,2,4.0
589,2,4.5
590,2,4.5
591,2,4.75
592,1,5.0
593,1,5.0
594,3,4.5
595,3,4.166666666666667
596,1,5.0
597,1,4.0
601,2,4.75
602,1,3.5
603,3,4.666666666666667
604,2,4.5
605,1,4.0
606,1,5.0
608,3,4.5
609,1,4.0
610,2,5.0
611,1,5.0
613,1,4.5
614,3,4.833333333333333
616,1,5.0
617,2,3.75
618,2,4.75
619,4,4.875
620,2,2.5
621,1,4.0
622,40,4.2625
624,1,5.0
625,2,4.5
627,7,4.071428571428571
629,2,4.5
630,3,4.833333333333333
631,33,3.984848484848485
633,1,4.5
634,3,4.666666666666667
636,30,4.25
637,2,2.75
638,1,5.0
639,1,5.0
642,1,3.0
643,1,5.0
645,1,5.0
647,1,4.0
648,1,3.5
649,3,4.666666666666667
650,47,4.23404255319149
651,1,5.0
652,4,4.625
653,3,4.5
654,1,4.0
655,2,4.5
656,1,5.0
657,4,4.5
658,1,5.0
660,2,3.5
661,3,4.0
662,51,4.3431372549019605
664,3,4.5
665,1,5.0
666,1,4.5
667,1,4.5
669,1,4.5
670,44,4.409090909090909
671,30,4.266666666666667
672,2,4.0
673,48,4.375
674,3,4.0
675,40,4.225
676,46,4.293478260869565
677,1,5.0
678,2,4.25
679,1,4.5
680,1,5.0
681,2,2.5
682,1,5.0
683,3,4.166666666666667
684,2,4.5
685,2,5.0
687,1,2.5
689,36,4.069444444444445
690,3,4.5
691,2,3.75
692,2,3.75
694,2,4.0
695,2,4.5
696,2,4.75
697,2,4.5
698,5,3.8
699,1,5.0
701,1,5.0
702,1,4.5
703,2,4.0
704,6,4.583333333333333
705,3,3.6666666666666665
706,35,4.3
708,1,4.0
711,1,0.0
712,2,4.75
713,1,4.5
714,2,2.25
715,4,3.875
717,1,4.5
718,1,5.0
719,2,4.25
720,4,4.75
721,37,4.513513513513513
722,3,4.5
724,3,4.5
725,7,4.357142857142857
726,1,4.0
727,1,5.0
728,1,5.0
729,3,4.666666666666667
732,3,4.0
733,2,4.0
734,1,5.0
735,3,4.0
737,3,4.5
739,1,4.5
741,2,5.0
742,1,4.5
745,3,4.5
746,1,2.5
747,41,4.146341463414634
748,1,5.0
750,1,3.5
751,1,4.0
752,6,3.6666666666666665
753,2,4.75
754,2,4.5
755,5,4.4
758,3,4.666666666666667
759,8,4.1875
760,2,5.0
762,1,3.5
763,1,5.0
764,1,5.0
765,3,4.5
766,2,4.75
767,1,4.5
768,2,4.25
769,2,5.0
771,1,5.0
773,1,5.0
777,2,4.5
778,1,5.0
779,1,4.5
781,2,5.0
783,3,5.0
785,2,4.75
787,2,5.0
788,2,5.0
789,1,4.0
790,40,4.325
792,39,4.333333333333333
793,3,4.0
794,1,5.0
795,3,2.8333333333333335
796,2,4.75
797,2,4.25
798,2,4.75
799,36,4.444444444444445
800,1,4.0
801,1,5.0
802,1,4.5
803,2,4.25
804,1,5.0
806,2,4.75
807,1,5.0
810,1,4.0
812,7,4.214285714285714
813,9,4.722222222222222
814,2,4.0
815,2,4.75
816,2,5.0
817,4,4.375
819,2,3.75
820,2,3.75
821,44,4.431818181818182
822,1,5.0
823,47,4.553191489361702
825,2,4.5
826,2,3.75
827,1,3.5
829,2,3.25
830,3,4.5
831,3,4.5
832,3,4.166666666666667
833,2,4.5
834,10,4.2
835,1,4.0
836,1,5.0
837,1,4.5
838,2,5.0
842,7,4.642857142857143
843,1,5.0
844,1,5.0
846,1,5.0
849,1,5.0
851,3,4.5
852,2,4.5
853,1,5.0
854,51,4.490196078431373
856,1,5.0
857,60,4.525
858,1,3.5
859,1,5.0
861,1,5.0
862,2,4.5
863,1,5.0
864,2,5.0
865,3,4.5
866,2,4.75
867,3,4.5
868,2,3.75
869,1,5.0
870,1,5.0
872,3,4.666666666666667
875,3,3.8333333333333335
876,2,5.0
878,1,3.5
880,2,4.5
882,5,4.4
883,5,4.4
885,1,5.0
886,4,4.125
887,1,5.0
890,2,5.0
891,3,4.333333333333333
893,2,5.0
894,3,4.0
895,43,4.511627906976744
896,1,4.5
897,2,4.75
898,3,4.0
899,4,4.5
900,2,4.75
901,4,4.75
903,4,4.625
904,1,5.0
905,2,4.75
907,2,4.5
908,36,4.277777777777778
909,41,4.573170731707317
910,2,5.0
911,1,5.0
912,2,4.75
913,47,4.308510638297872
917,40,4.4
918,1,5.0
920,1,5.0
921,51,4.5
924,3,4.666666666666667
931,2,4.75
932,1,4.5
933,2,4.5
934,1,5.0
936,1,4.5
938,3,4.666666666666667
939,3,4.833333333333333
940,5,4.6
941,4,4.5
942,53,4.481132075471698
943,1,5.0
944,3,5.0
945,1,4.5
947,1,5.0
948,2,4.75
949,1,5.0
950,45,4.666666666666667
951,1,3.5
952,1,5.0
954,1,4.5
955,5,4.3
957,5,4.5
958,1,5.0
959,1,4.5
960,6,4.166666666666667
961,2,5.0
962,1,3.5
963,1,3.0
964,2,4.25
965,41,4.304878048780488
966,2,4.75
967,32,4.484375
968,41,4.536585365853658
969,1,5.0
970,34,4.514705882352941
971,1,3.5
972,4,3.875
974,1,5.0
976,1,4.5
978,1,4.5
979,1,3.0
980,2,2.5
981,2,4.5
982,44,4.420454545454546
983,1,5.0
986,1,4.5
987,3,4.333333333333333
988,2,4.5
989,2,2.5
990,3,4.333333333333333
992,2,5.0
994,3,3.0
995,1,4.5
996,1,4.5
997,2,4.25
999,2,4.5
1000,1,5.0
1001,4,4.75
1002,3,5.0
1003,3,4.0
1004,1,3.0
1006,1,5.0
1008,2,4.0
1010,4,4.5
1011,43,4.511627906976744
1012,3,4.833333333333333
1013,46,4.326086956521739
1014,2,4.25
1016,2,4.75
1018,6,4.5
1020,4,4.375
1021,1,3.5
1022,37,4.635135135135135
1024,2,5.0
1025,2,5.0
1027,37,4.351351351351352
1028,4,3.25
1029,1,5.0
1030,5,4.5
1033,2,2.0
1034,1,4.5
1035,5,3.4
1036,2,4.75
1037,1,5.0
1038,2,5.0
1039,45,4.344444444444444
1040,1,4.0
1042,2,4.5
1044,1,5.0
1045,1,5.0
1047,1,4.5
1048,7,4.642857142857143
1049,2,4.25
1050,2,4.5
1053,3,3.3333333333333335
1054,49,4.336734693877551
1055,3,4.666666666666667
1056,2,5.0
1057,1,2.5
1059,1,4.0
1061,1,5.0
1062,1,4.5
1063,4,4.625
1064,1,5.0
1067,1,5.0
1068,2,5.0
1074,1,5.0
1080,1,4.0
1081,2,4.75
1084,42,3.6666666666666665
1085,2,4.25
1086,1,4.5
1087,1,4.5
1088,1,4.5
1089,2,2.5
1090,2,3.75
1091,1,4.5
1093,43,3.63953488372093
1094,1,2.5
1098,2,4.25
1099,1,4.0
1100,6,3.8333333333333335
1101,8,3.3125
1102,1,4.0
1105,38,3.736842105263158
1106,3,3.8333333333333335
1107,37,3.72972972972973
1109,2,1.0
1110,2,4.0
1111,1,2.0
1112,2,4.25
1113,2,2.25
1114,5,4.5
1117,1,4.5
1118,5,3.2
1119,2,3.5
1120,2,4.25
1121,4,4.375
1123,1,4.0
1124,4,3.375
1125,2,4.5
1126,2,2.5
1127,3,4.5
1128,2,2.25
1129,1,4.0
1131,1,2.5
1132,2,4.25
1134,42,3.6785714285714284
1135,48,3.8125
1136,3,3.3333333333333335
1137,45,3.911111111111111
1138,3,3.1666666666666665
1139,7,3.357142857142857
1140,57,3.6842105263157894
1141,1,4.0
1144,4,3.625
1145,2,4.25
1146,7,4.0
1147,2,3.75
1148,44,3.6818181818181817
1149,6,3.75
1150,34,3.7941176470588234
1151,2,4.5
1152,40,3.5375
1153,2,3.75
1154,2,3.5
1155,2,4.5
1156,3,3.8333333333333335
1157,2,4.5
1158,36,3.8194444444444446
1159,2,4.25
1160,1,3.5
1161,1,3.5
1162,47,3.8191489361702127
1163,2,3.75
1164,36,3.5833333333333335
1165,5,3.8
1166,3,4.333333333333333
1167,3,3.1666666666666665
1168,34,3.6470588235294117
1170,40,3.8625
1172,2,2.25
1174,2,2.75
1175,120,3.7291666666666665
1176,2,3.75
1177,2,3.75
1178,1,4.0
1179,2,4.25
1180,1,5.0
1181,3,4.333333333333333
1183,1,4.0
1185,48,3.7083333333333335
1186,2,3.75
1187,1,4.0
1188,3,4.333333333333333
1189,4,3.5
1191,36,3.4722222222222223
1193,3,4.166666666666667
1194,1,5.0
1196,1,4.5
1197,1,4.5
1198,1,4.0
1199,41,3.5853658536585367
1200,1,0.0
1201,3,4.333333333333333
1203,1,4.5
1204,2,4.25
1205,1,4.0
1207,4,3.625
1208,137,3.7883211678832116
1209,3,4.166666666666667
1210,2,4.5
1211,1,3.5
1214,1,4.0
1216,36,3.5833333333333335
1218,3,2.8333333333333335
1221,3,3.8333333333333335
1222,1,5.0
1223,2,3.75
1224,4,3.625
1225,1,3.0
1226,29,3.706896551724138
1227,41,3.5
1229,46,3.5434782608695654
1233,2,3.75
1234,1,3.5
1236,1,4.5
1239,1,3.0
1241,3,4.166666666666667
1242,3,4.5
1243,1,1.0
1244,2,4.0
1246,3,3.6666666666666665
1247,2,3.25
1249,3,4.166666666666667
1250,1,2.0
1252,1,1.5
1253,3,3.5
1254,1,4.5
1255,52,3.7403846153846154
1257,3,3.1666666666666665
1258,2,4.25
1259,1,5.0
1260,3,3.6666666666666665
1261,1,3.5
1262,2,4.25
1267,4,3.5
1268,2,4.0
1269,1,4.0
1270,1,4.0
1273,3,4.166666666666667
1274,1,4.0
1276,1,4.0
1277,54,3.6944444444444446
1278,2,3.75
1280,1,3.5
1282,2,3.25
1285,1,4.5
1287,3,3.6666666666666665
1288,6,3.5833333333333335
1292,2,4.5
1293,1,3.5
1294,43,3.6511627906976742
1295,3,4.166666666666667
1296,1,4.0
1297,1,3.5
1298,1,5.0
1300,1,5.0
1302,42,3.6785714285714284
1303,3,3.5
1306,1,4.0
1307,6,4.333333333333333
1309,2,4.75
1310,2,4.25
1311,2,4.5
1312,2,2.75
1313,2,3.75
1314,42,3.9047619047619047
1316,3,4.166666666666667
1317,2,4.25
1321,2,2.0
1322,2,3.25
1323,1,3.5
1324,1,3.5
1325,3,3.1666666666666665
1326,2,3.0
1327,1,4.0
1329,2,3.0
1331,1,4.0
1333,2,4.0
1334,2,4.0
1335,3,3.5
1336,2,2.5
1337,2,4.0
1338,2,3.5
1341,49,3.683673469387755
1343,5,3.5
1344,1,3.5
1345,1,4.0
1347,43,3.616279069767442
1348,2,4.75
1351,1,4.5
1352,45,3.7555555555555555
1353,43,3.6627906976744184
1355,2,4.0
1356,1,4.0
1357,1,3.5
1358,2,4.0
1359,47,3.6382978723404253
1360,1,1.0
1361,1,4.5
1362,2,4.5
1363,2,3.75
1364,3,2.8333333333333335
1365,1,5.0
1366,2,3.25
1368,1,4.0
1369,43,3.813953488372093
1370,2,3.5
1371,37,3.5135135135135136
1372,1,3.5
1373,2,4.25
1374,2,3.25
1376,1,4.0
1377,1,4.0
1379,3,4.0
1380,1,3.5
1381,3,4.166666666666667
1382,3,2.5
1383,1,4.0
1384,39,3.6666666666666665
1385,4,3.5
1387,3,3.8333333333333335
1388,37,3.7432432432432434
1389,2,3.5
1390,35,4.0
1391,2,3.75
1392,2,3.75
1393,9,4.166666666666667
1394,1,4.0
1395,1,4.5
1397,1,4.5
1398,42,3.6547619047619047
1399,3,4.0
1402,1,3.0
1403,3,3.0
1404,1,4.0
1405,1,3.0
1406,36,3.6805555555555554
1408,1,4.0
1410,1,4.5
1411,1,3.0
1412,3,4.0
1413,1,2.5
1414,3,2.8333333333333335
1415,4,2.625
1418,30,3.5
1419,5,3.6
1422,41,3.5
1423,1,4.5
1425,41,3.573170731707317
1428,1,3.5
1429,5,3.8
1431,3,3.5
1433,42,3.761904761904762
1434,1,3.0
1435,4,3.875
1437,46,3.8152173913043477
1439,2,3.25
1440,3,3.8333333333333335
1441,1,3.0
1442,1,2.5
1443,98,3.688775510204082
1444,3,4.0
1445,7,4.071428571428571
1446,1,3.5
1447,1,4.5
1448,1,5.0
1450,1,3.5
1452,2,4.5
1455,1,4.0
1456,1,4.5
1457,2,3.75
1459,2,2.25
1460,2,3.75
1461,3,3.8333333333333335
1462,2,1.75
1464,1,4.5
1465,3,3.6666666666666665
1467,2,3.25
1468,1,4.0
1471,47,3.8404255319148937
1472,3,3.3333333333333335
1475,2,3.0
1476,3,4.5
1477,49,3.673469387755102
1478,39,3.6794871794871793
1479,45,3.6222222222222222
1481,1,2.5
1482,49,3.7448979591836733
1484,46,3.760869565217391
1486,2,4.0
1487,1,3.5
1488,1,4.0
1490,2,4.5
1491,1,3.5
1492,6,2.9166666666666665
1493,2,3.25
1494,35,3.6
1495,52,3.7115384615384617
1496,1,3.5
1499,38,3.3421052631578947
1500,1,4.5
1501,1,1.5
1502,1,4.0
1503,1,2.0
1504,1,4.5
1506,2,4.25
1507,2,4.25
1508,4,3.625
1509,2,3.5
1510,32,3.59375
1511,1,4.5
1513,5,3.2
1514,1,3.0
1515,1,4.5
1516,2,4.0
1517,1,4.5
1518,2,4.5
1520,1,2.5
1521,43,3.8488372093023258
1522,5,3.9
1523,1,2.5
1524,3,3.6666666666666665
1525,1,3.5
1526,1,3.0
1527,3,4.0
1528,1,4.5
1529,100,3.76
1530,3,3.5
1531,42,3.5952380952380953
1532,1,2.5
1534,1,4.0
1536,4,4.0
1537,47,3.8297872340425534
1539,1,4.0
1540,2,4.0
1541,1,3.5
1543,2,4.75
1544,37,3.72972972972973
1545,2,3.75
1546,1,2.5
1547,1,4.0
1549,6,3.4166666666666665
1550,1,2.0
1551,1,4.5
1552,52,3.6923076923076925
1553,2,3.25
1554,3,3.1666666666666665
1555,1,5.0
1557,2,4.25
1558,3,3.1666666666666665
1559,1,4.0
1560,3,4.0
1561,1,4.5
1562,1,4.0
1563,3,3.0
1564,2,3.75
1565,2,2.25
1566,1,4.0
1567,4,3.375
1568,3,4.0
1570,1,4.0
1571,1,2.5
1572,1,4.0
1574,4,3.875
1575,4,3.75
1578,1,2.5
1579,2,3.25
1580,3,4.333333333333333
1586,2,3.25
1587,4,2.75
1588,1,4.5
1589,2,4.0
1590,1,2.5
1591,1,3.5
1593,2,3.5
1594,2,3.5
1595,49,3.663265306122449
1596,26,3.6538461538461537
1597,39,3.8076923076923075
1599,1,2.0
1600,3,4.166666666666667
1602,6,3.3333333333333335
1603,2,4.0
1604,2,3.75
1607,3,3.8333333333333335
1608,3,3.1666666666666665
1609,4,3.75
1610,2,2.75
1611,2,1.75
1612,44,3.5681818181818183
1613,6,3.4166666666666665
1614,1,3.5
1617,4,4.0
1620,3,4.666666666666667
1621,3,3.6666666666666665
1622,1,4.5
1624,1,3.5
1626,1,2.5
1627,2,3.75
1629,1,3.5
1630,2,4.5
1631,2,3.75
1632,1,4.5
1633,1,4.5
1634,1,3.5
1635,4,2.625
1636,35,3.6285714285714286
1637,4,4.0
1638,2,3.75
1639,2,4.0
1640,2,4.25
1641,4,4.0
1643,1,3.5
1645,2,4.25
1646,3,4.0
1647,8,3.125
1648,4,2.75
1649,2,4.0
1651,4,3.625
1652,3,3.6666666666666665
1653,1,4.5
1654,3,3.8333333333333335
1658,1,3.0
1659,2,4.25
1661,2,3.5
1662,1,4.5
1664,1,3.5
1665,38,3.5789473684210527
1666,1,4.0
1667,1,3.5
1668,32,3.46875
1670,1,3.5
1671,38,3.5657894736842106
1672,2,3.75
1673,2,4.0
1676,48,3.9270833333333335
1678,2,3.25
1680,3,3.6666666666666665
1683,3,3.3333333333333335
1684,5,3.9
1687,2,4.75
1688,4,4.375
1689,1,4.0
1690,2,5.0
1691,2,5.0
1693,1,4.5
1694,2,3.5
1696,2,4.5
1697,4,4.75
1698,50,4.5
1699,1,5.0
1700,1,5.0
1701,2,3.75
1702,1,5.0
1703,3,4.0
1704,3,4.5
1705,1,2.0
1708,4,4.5
1709,1,4.0
1710,2,4.75
1712,38,4.4605263157894735
1713,2,5.0
1714,6,4.833333333333333
1715,45,4.177777777777778
1717,1,4.0
1720,3,4.833333333333333
1721,1,5.0
1722,3,4.5
1724,1,4.5
1727,1,5.0
1728,1,5.0
1729,2,4.5
1730,3,5.0
1731,2,4.5
1732,52,4.336538461538462
1734,46,4.423913043478261
1735,1,4.0
1737,2,4.5
1738,2,4.0
1739,201,4.243781094527363
1740,2,4.0
1742,2,4.75
1743,1,4.5
1747,1,3.0
1748,4,3.0
1749,2,4.25
1752,1,5.0
1754,1,0.0
1755,3,4.333333333333333
1756,1,5.0
1757,2,4.75
1758,2,3.75
1759,1,4.5
1760,1,4.5
1761,3,4.833333333333333
1762,2,5.0
1764,2,3.75
1766,1,5.0
1767,48,4.489583333333333
1768,2,5.0
1769,2,4.75
1770,1,5.0
1771,42,4.476190476190476
1772,1,4.5
1773,2,3.75
1774,1,5.0
1775,4,4.125
1776,2,5.0
1777,3,3.8333333333333335
1778,2,5.0
1779,56,4.25
1783,3,4.166666666666667
1784,5,3.9
1785,1,5.0
1786,2,5.0
1787,2,4.75
1789,4,4.5
1790,1,4.5
1791,1,5.0
1792,1,5.0
1795,1,4.0
1796,1,4.5
1798,3,4.666666666666667
1799,2,2.25
1801,2,4.25
1802,2,5.0
1803,3,4.666666666666667
1804,2,5.0
1805,1,4.5
1806,1,2.5
1808,1,2.5
1811,1,5.0
1812,1,4.5
1813,2,4.25
1815,1,5.0
1817,1,5.0
1818,39,4.128205128205129
1819,10,4.45
1821,5,4.7
1822,3,5.0
1823,31,4.435483870967742
1824,1,4.5
1826,1,3.0
1827,4,3.75
1829,3,4.333333333333333
1830,2,5.0
1831,4,4.25
1832,2,4.5
1834,45,4.433333333333334
1836,7,4.642857142857143
1837,1,4.5
1838,1,5.0
1839,52,4.105769230769231
1840,2,4.75
1841,3,3.8333333333333335
1842,2,4.75
1843,2,4.0
1844,1,4.5
1847,2,4.0
1848,6,3.8333333333333335
1850,1,5.0
1852,1,5.0
1853,2,5.0
1854,3,4.833333333333333
1855,1,4.5
1856,1,4.5
1857,2,4.25
1863,2,4.0
1865,1,5.0
1868,2,5.0
1869,5,4.9
1870,1,3.5
1871,1,4.5
1872,2,4.25
1873,3,4.333333333333333
1874,44,4.295454545454546
1876,1,4.0
1877,5,4.2
1878,3,4.333333333333333
1881,1,5.0
1883,3,5.0
1884,3,5.0
1886,3,3.8333333333333335
1887,43,4.1395348837209305
1889,2,3.25
1890,2,4.5
1891,2,4.75
1893,1,4.0
1894,1,5.0
1895,1,4.0
1896,4,3.375
1897,1,5.0
1898,1,4.5
1899,2,4.25
1900,2,4.75
1901,2,5.0
1902,4,4.25
1904,3,4.666666666666667
1905,1,4.0
1906,3,5.0
1907,1,4.5
1908,4,4.375
1909,136,4.400735294117647
1910,1,5.0
1911,2,4.75
1912,3,4.666666666666667
1914,1,4.5
1916,1,4.5
1917,4,4.625
1918,1,4.5
1920,3,4.333333333333333
1921,3,4.333333333333333
1922,1,1.5
1924,2,3.75
1925,1,5.0
1926,2,3.25
1929,2,4.0
1932,1,5.0
1934,1,5.0
1935,2,4.75
1936,40,4.25
1937,1,4.5
1938,2,4.0
1939,2,3.75
1940,1,4.5
1942,1,5.0
1943,2,4.5
1944,4,4.875
1945,48,4.375
1946,3,3.6666666666666665
1947,1,5.0
1949,1,5.0
1950,7,4.214285714285714
1951,2,4.5
1952,1,3.0
1953,1,5.0
1954,2,4.75
1955,1,3.0
1957,1,4.0
1958,3,5.0
1959,49,4.428571428571429
1960,1,5.0
1962,2,4.25
1963,2,4.75
1964,1,4.5
1966,3,4.0
1968,1,4.0
1969,2,5.0
1970,4,3.25
1972,1,4.5
1976,2,2.75
1977,1,4.0
1978,50,4.4
1979,1,5.0
1980,2,4.75
1983,3,4.833333333333333
1984,1,5.0
1987,1,4.5
1988,4,4.75
1990,3,4.5
1991,37,4.202702702702703
1992,4,4.375
1993,3,4.333333333333333
1994,1,4.0
1996,1,4.5
1997,1,4.5
1999,2,4.75
2000,32,4.1875
2002,1,4.0
2003,1,5.0
2005,2,4.5
2006,2,5.0
2007,3,4.666666666666667
2008,4,4.375
2009,2,5.0
2010,1,5.0
2012,43,4.616279069767442
2013,2,2.25
2014,2,4.5
2015,40,4.1625
2016,1,4.0
2017,4,4.375
2018,1,4.5
2019,1,4.0
2022,1,4.5
2026,2,2.5
2027,136,4.117647058823529
2028,4,4.75
2030,1,4.5
2031,2,5.0
2032,1,4.0
2033,3,4.0
2034,1,4.0
2035,1,5.0
2036,3,4.5
2041,101,4.163366336633663
2042,1,4.5
2043,1,1.5
2044,1,4.0
2046,2,3.75
2048,45,4.2444444444444445
2050,46,4.0978260869565215
2051,2,4.0
2052,2,3.75
2053,1,4.5
2054,1,5.0
2055,56,4.214285714285714
2058,2,4.75
2059,2,3.75
2060,1,4.5
2062,3,4.333333333333333
2063,1,4.5
2064,3,3.8333333333333335
2066,4,4.25
2067,2,4.5
2068,1,4.0
2069,2,4.0
2070,1,4.5
2072,1,4.5
2073,3,4.333333333333333
2074,1,5.0
2075,5,4.6
2077,2,4.25
2078,3,4.5
2080,4,4.0
2081,3,4.0
2083,4,4.375
2084,3,3.8333333333333335
2085,2,4.75
2086,2,3.75
2088,2,4.5
2090,49,4.142857142857143
2092,2,4.75
2093,4,3.875
2094,1,4.5
2095,1,5.0
2096,2,4.5
2097,2,4.75
2098,41,4.109756097560975
2099,2,3.75
2101,1,5.0
2103,4,3.375
2104,2,5.0
2105,3,4.0
2106,1,5.0
2107,1,2.5
2110,4,4.125
2113,49,4.244897959183674
2115,1,5.0
2116,50,4.36
2118,2,3.75
2119,3,3.6666666666666665
2121,1,5.0
2122,1,4.0
2123,3,4.0
2124,3,4.666666666666667
2125,3,4.5
2127,1,5.0
2128,2,1.5
2130,2,4.25
2132,48,3.8645833333333335
2133,1,3.5
2134,3,4.666666666666667
2136,1,5.0
2138,2,4.5
2139,1,4.0
2140,1,4.0
2141,3,4.833333333333333
2142,1,3.0
2143,2,4.75
2144,2,4.5
2145,2,4.0
2146,1,4.0
2148,3,4.5
2149,3,2.8333333333333335
2150,1,3.5
2151,39,4.410256410256411
2153,1,5.0
2154,1,4.5
2155,3,4.5
2157,49,4.244897959183674
2160,3,4.333333333333333
2161,1,2.5
2163,1,5.0
2165,6,4.166666666666667
2166,1,4.5
2167,1,4.5
2168,1,4.5
2169,1,4.5
2171,1,2.0
2172,1,5.0
2173,3,3.5
2175,1,4.5
2176,3,4.5
2177,3,4.5
2178,1,1.5
2179,1,3.5
2180,1,3.5
2181,1,2.5
2183,1,5.0
2184,1,5.0
2185,4,4.625
2187,2,4.0
2188,3,3.1666666666666665
2189,2,4.75
2190,1,4.0
2191,1,4.5
2192,1,3.5
2193,3,4.333333333333333
2195,41,4.0
2197,2,3.75
2198,3,4.666666666666667
2200,4,4.875
2201,2,4.25
2202,49,4.23469387755102
2204,8,3.625
2206,2,4.5
2207,5,4.3
2208,4,3.625
2209,1,3.0
2212,3,4.333333333333333
2213,1,5.0
2214,2,3.25
2215,3,4.333333333333333
2216,1,5.0
2219,2,4.25
2223,45,3.888888888888889
2224,2,4.25
2225,1,4.5
2226,3,4.0
2227,1,5.0
2228,3,4.5
2229,2,4.25
2230,1,2.0
2232,3,4.333333333333333
2233,2,3.0
2234,1,5.0
2235,1,5.0
2236,4,4.75
2237,2,4.5
2239,1,3.0
2240,1,4.0
2242,43,4.011627906976744
2243,4,4.25
2244,2,4.75
2245,45,4.177777777777778
2246,2,3.75
2247,33,4.318181818181818
2248,1,5.0
2250,2,4.0
2251,1,3.0
2252,1,5.0
2256,3,4.166666666666667
2258,1,1.5
2259,4,4.0
2260,1,4.5
2261,1,5.0
2262,1,4.0
2263,1,5.0
2265,1,4.0
2266,2,4.0
2267,1,5.0
2268,37,4.162162162162162
2270,2,5.0
2272,3,4.5
2273,3,4.333333333333333
2274,3,4.333333333333333
2275,2,4.5
2277,1,3.5
2278,41,4.2439024390243905
2280,2,4.5
2281,6,4.333333333333333
2282,1,4.5
2283,2,4.25
2284,2,4.5
2285,2,4.25
2286,2,4.5
2287,42,4.345238095238095
2288,1,4.5
2289,110,4.3136363636363635
2291,6,4.333333333333333
2293,3,4.0
2294,5,4.2
2296,3,4.0
2297,1,5.0
2298,2,4.75
2299,3,4.333333333333333
2300,2,3.75
2302,1,4.5
2303,26,3.9615384615384617
2304,45,4.055555555555555
2305,1,3.5
2307,1,4.5
2308,53,4.09433962264151
2310,3,3.5
2311,4,4.5
2312,1,3.5
2314,1,4.5
2315,48,3.9375
2316,51,4.029411764705882
2317,9,4.0
2318,1,4.5
2319,3,5.0
2320,53,3.981132075471698
2321,5,4.5
2322,3,4.5
2323,3,3.8333333333333335
2325,1,4.0
2327,1,4.5
2328,52,4.221153846153846
2330,1,4.5
2331,3,4.0
2332,1,4.5
2334,3,4.333333333333333
2335,2,4.5
2337,8,4.0625
2338,1,5.0
2341,2,4.5
2342,2,3.5
2343,1,5.0
2345,3,3.8333333333333335
2346,1,4.0
2347,3,2.0
2348,1,3.5
2349,44,3.715909090909091
2350,3,4.333333333333333
2352,46,3.5434782608695654
2355,4,3.25
2356,1,4.0
2357,1,3.5
2360,2,3.5
2361,1,4.0
2362,57,3.4210526315789473
2363,2,2.5
2365,2,4.0
2366,52,3.6826923076923075
2368,2,3.5
2369,1,4.0
2370,1,4.0
2371,4,4.375
2373,1,4.0
2374,1,3.0
2375,1,1.0
2377,1,0.0
2378,2,3.5
2380,43,3.5930232558139537
2382,1,3.0
2383,3,4.0
2385,3,3.6666666666666665
2386,2,3.75
2387,1,3.5
2389,40,3.65
2390,3,2.8333333333333335
2391,4,3.0
2392,1,4.5
2393,44,3.6818181818181817
2394,1,3.5
2396,1,3.0
2397,2,3.5
2398,3,4.0
2399,2,4.0
2400,3,4.166666666666667
2401,42,3.511904761904762
2402,2,4.0
2403,3,4.5
2405,2,3.75
2407,44,3.647727272727273
2408,3,3.6666666666666665
2409,1,4.0
2410,1,4.5
2413,1,4.5
2415,3,4.0
2416,2,3.25
2418,175,3.737142857142857
2419,2,3.5
2420,2,3.75
2421,2,2.25
2422,1,5.0
2424,2,4.25
2427,2,2.75
2428,1,4.5
2429,5,3.5
2431,1,4.5
2432,2,3.5
2433,4,3.75
2436,1,4.0
2437,2,2.5
2438,1,4.0
2439,1,4.5
2440,3,3.5
2441,1,3.0
2442,3,3.8333333333333335
2443,2,3.75
2444,1,4.0
2445,2,4.0
2446,2,4.0
2447,58,3.7413793103448274
2448,2,3.75
2449,2,4.0
2450,2,4.0
2451,2,3.25
2452,3,4.0
2453,2,2.75
2454,1,4.5
2456,4,3.25
2457,1,3.5
2459,2,4.25
2460,3,3.8333333333333335
2461,2,3.75
2462,1,4.0
2465,2,3.5
2466,3,4.166666666666667
2467,2,3.75
2468,2,3.25
2469,1,4.5
2471,2,4.0
2472,45,3.488888888888889
2473,2,4.25
2475,3,3.5
2477,1,4.5
2479,39,3.6666666666666665
2481,1,3.5
2482,1,3.0
2483,2,3.5
2484,2,3.75
2486,5,3.1
2487,39,3.6538461538461537
2488,1,4.0
2489,2,4.25
2492,10,3.0
2494,40,3.8125
2495,2,3.5
2496,4,3.375
2497,3,3.8333333333333335
2498,1,3.0
2500,3,3.6666666666666665
2501,1,4.0
2502,6,3.5
2503,56,3.517857142857143
2505,50,3.62
2506,1,4.0
2508,2,3.25
2509,3,2.3333333333333335
2512,3,3.0
2513,3,2.6666666666666665
2514,43,2.4186046511627906
2515,1,2.5
2516,3,2.3333333333333335
2517,3,2.3333333333333335
2519,2,3.0
2521,3,2.0
2526,3,3.0
2527,1,4.0
2528,5,2.8
2529,6,2.8333333333333335
2530,4,3.0
2531,2,3.0
2532,2,1.25
2533,1,1.0
2534,2,2.25
2537,1,2.0
2538,4,3.25
2540,40,2.6125
2541,3,2.0
2543,1,3.5
2544,2,2.0
2547,1,2.5
2549,33,2.5757575757575757
2551,3,2.3333333333333335
2552,1,1.0
2553,1,2.5
2554,1,3.0
2555,1,3.5
2558,2,2.0
2559,1,3.0
2561,1,3.0
2563,45,2.6444444444444444
2564,4,3.125
2565,43,2.7093023255813953
2566,41,2.926829268292683
2568,2,3.0
2570,1,2.0
2572,1,2.0
2573,1,1.0
2576,2,3.0
2577,49,2.9285714285714284
2578,2,2.25
2579,2,1.25
2580,2,2.5
2583,3,2.6666666666666665
2584,9,2.7777777777777777
2585,4,2.25
2586,1,1.0
2587,2,3.5
2588,1,3.0
2591,30,2.6166666666666667
2592,5,2.6
2593,1,3.0
2594,41,2.4634146341463414
2595,46,2.847826086956522
2596,11,3.0454545454545454
2597,3,3.5
2598,48,2.6875
2599,2,2.75
2601,3,2.5
2602,1,3.0
2604,10,2.3
2606,2,2.75
2607,50,2.64
2608,1,3.0
2609,1,2.5
2611,4,3.0
2612,3,3.3333333333333335
2614,4,2.875
2615,3,3.1666666666666665
2616,42,2.619047619047619
2617,3,3.1666666666666665
2618,3,3.3333333333333335
2620,1,2.5
2622,2,2.25
2624,3,2.5
2625,4,2.375
2626,2,3.0
2628,38,2.6710526315789473
2629,1,3.0
2630,1,2.0
2631,3,3.3333333333333335
2632,1,3.0
2633,2,2.5
2634,4,2.5
2635,1,2.5
2637,2,3.5
2638,2,3.25
2639,2,2.0
2640,2,2.75
2641,1,3.0
2642,5,2.5
2644,1,3.5
2646,1,3.5
2647,1,2.0
2648,1,2.0
2650,2,3.0
2652,45,2.9
2653,3,2.8333333333333335
2654,4,2.375
2656,29,2.603448275862069
2657,2,3.0
2659,1,1.0
2660,2,2.5
2661,44,2.6136363636363638
2662,1,1.0
2663,118,2.6822033898305087
2665,2,1.75
2667,1,1.5
2669,45,2.688888888888889
2670,1,3.0
2671,2,2.75
2673,2,3.0
2674,41,2.6707317073170733
2675,1,3.5
2677,3,2.6666666666666665
2678,1,2.0
2679,2,2.25
2680,1,1.0
2684,1,4.0
2686,2,3.25
2689,2,3.25
2691,40,2.95
2692,2,3.0
2693,2,2.75
2694,1,1.5
2695,1,1.0
2696,3,2.5
2697,37,2.891891891891892
2698,1,2.5
2699,1,1.5
2700,2,2.0
2701,55,2.7818181818181817
2702,3,1.8333333333333333
2703,1,4.0
2704,1,3.0
2705,1,3.5
2706,3,3.0
2707,4,2.5
2708,1,3.0
2709,2,1.5
2710,2,2.5
2711,1,4.0
2712,2,3.0
2713,2,3.5
2714,1,3.0
2715,1,1.5
2716,1,3.5
2718,4,2.375
2719,1,2.5
2720,57,2.8684210526315788
2722,44,2.6931818181818183
2723,43,2.755813953488372
2724,3,1.8333333333333333
2727,2,2.5
2729,49,3.0
2730,44,2.909090909090909
2731,2,2.0
2732,2,2.0
2734,1,2.5
2736,1,2.5
2737,1,2.5
2738,1,2.5
2739,1,3.0
2741,49,2.795918367346939
2742,3,2.5
2743,1,1.0
2745,2,3.25
2746,1,2.0
2747,5,2.9
2748,1,3.5
2750,1,3.5
2751,1,3.0
2753,3,4.0
2754,42,4.2023809523809526
2755,1,4.5
2756,4,4.0
2757,1,5.0
2758,2,3.25
2759,2,3.5
2760,2,4.25
2761,51,4.254901960784314
2762,46,4.032608695652174
2763,2,4.25
2766,2,3.0
2767,2,4.5
2768,26,4.211538461538462
2769,44,3.852272727272727
2770,1,4.5
2771,2,4.25
2772,3,4.5
2773,45,3.7666666666666666
2774,2,4.25
2776,1,4.5
2777,4,4.125
2778,41,4.329268292682927
2779,5,4.2
2780,2,3.25
2781,1,4.0
2782,2,4.0
2783,1,5.0
2784,1,4.0
2785,1,5.0
2786,3,4.5
2787,2,4.0
2789,10,4.15
2792,2,4.5
2794,2,4.0
2795,1,4.5
2796,2,4.75
2798,1,4.0
2799,2,4.75
2800,2,3.75
2801,1,4.0
2802,1,3.5
2803,4,3.625
2804,1,3.0
2805,3,4.0
2806,2,4.25
2807,2,3.75
2808,2,3.5
2809,2,4.25
2810,4,3.625
2811,1,4.0
2812,2,4.0
2813,4,4.875
2815,2,5.0
2816,1,4.5
2817,141,4.01063829787234
2820,1,5.0
2821,2,4.5
2822,1,3.0
2825,35,4.2
2826,3,3.8333333333333335
2827,1,4.5
2828,2,4.5
2830,35,4.057142857142857
2831,7,4.071428571428571
2832,2,4.75
2834,1,2.0
2835,49,4.326530612244898
2837,48,3.9895833333333335
2838,2,4.75
2839,2,4.5
2840,1,4.0
2841,45,4.366666666666666
2842,50,3.84
2843,1,3.0
2844,2,4.75
2845,1,5.0
2846,1,4.0
2847,5,4.3
2849,2,4.0
2850,6,3.6666666666666665
2851,4,3.75
2853,2,3.5
2855,50,4.18
2856,2,4.25
2857,1,4.0
2858,2,3.5
2859,2,5.0
2860,5,3.7
2861,1,4.5
2862,1,4.0
2863,36,4.055555555555555
2865,54,4.222222222222222
2866,2,4.5
2867,1,4.5
2869,2,4.5
2870,1,4.5
2871,3,3.6666666666666665
2873,37,4.0
2874,2,4.5
2876,4,4.625
2877,1,5.0
2878,3,4.166666666666667
2879,46,4.043478260869565
2880,1,5.0
2881,1,4.0
2882,33,4.075757575757576
2883,1,4.0
2885,3,4.5
2886,2,4.0
2887,1,3.5
2888,1,5.0
2891,1,4.5
2892,1,1.0
2894,4,4.75
2895,1,3.0
2896,3,4.0
2897,5,4.6
2898,1,3.5
2899,2,2.5
2900,6,4.083333333333333
2902,1,4.5
2903,2,4.5
2904,1,4.5
2906,1,5.0
2908,1,4.5
2909,1,4.0
2910,1,4.0
2911,3,4.166666666666667
2912,45,3.7666666666666666
2914,3,4.166666666666667
2915,3,3.6666666666666665
2916,1,5.0
2917,3,4.333333333333333
2919,5,3.3
2920,4,4.5
2921,2,4.5
2922,4,3.625
2923,4,4.375
2927,2,4.0
2929,1,5.0
2930,1,5.0
2931,1,4.0
2932,1,4.5
2933,1,4.0
2934,3,4.333333333333333
2935,2,4.0
2936,4,4.125
2938,2,3.5
2940,2,4.0
2941,2,4.0
2942,41,4.146341463414634
2943,4,4.625
2944,2,4.5
2945,45,4.122222222222222
2946,2,4.25
2947,5,3.7
2949,1,4.0
2950,1,4.0
2952,44,4.193181818181818
2954,1,3.5
2955,1,4.0
2956,2,4.0
2957,2,4.25
2958,3,4.5
2960,1,4.5
2961,35,4.228571428571429
2962,1,4.0
2965,4,4.375
2966,4,4.125
2968,1,4.5
2969,2,4.0
2970,1,3.0
2971,3,4.166666666666667
2972,2,4.0
2973,1,4.5
2974,3,3.8333333333333335
2975,3,4.5
2976,4,4.125
2977,1,4.5
2978,2,5.0
2979,2,4.25
2981,3,4.333333333333333
2982,2,3.75
2983,2,3.0
2984,1,5.0
2985,1,4.0
2986,3,4.5
2988,1,1.5
2989,2,3.5
2990,3,3.8333333333333335
2991,1,4.5
2992,2,2.5
2993,4,4.625
2994,1,4.5
2996,1,4.0
2997,1,4.5
2998,3,3.0
2999,2,3.5
3000,44,3.909090909090909
3001,44,4.386363636363637
3002,2,4.5
3003,1,5.0
3004,46,4.108695652173913
3005,1,4.0
3006,2,4.25
3008,1,5.0
3009,2,4.75
3011,1,4.0
3012,1,4.5
3014,43,4.267441860465116
3015,1,5.0
3017,2,3.75
3019,50,4.09
3020,1,4.0
3021,38,4.105263157894737
3022,2,3.5
3023,3,4.833333333333333
3025,4,3.875
3026,2,4.25
3027,5,4.3
3028,2,5.0
3029,2,3.0
3031,39,4.346153846153846
3033,3,4.0
3034,2,4.25
3035,3,4.666666666666667
3036,2,4.5
3037,1,4.5
3038,2,4.5
3039,2,4.5
3040,35,4.271428571428571
3041,2,4.75
3043,6,4.0
3044,1,5.0
3045,1,4.5
3046,1,4.5
3048,2,4.75
3049,1,4.5
3050,1,4.5
3052,1,4.5
3053,42,4.214285714285714
3054,1,4.0
3055,4,4.75
3056,44,4.181818181818182
3057,42,4.428571428571429
3058,2,2.5
3060,3,4.833333333333333
3061,55,4.218181818181818
3062,1,3.0
3063,1,5.0
3064,2,3.5
3065,99,4.207070707070707
3066,1,4.5
3067,3,3.8333333333333335
3069,3,4.666666666666667
3070,2,3.0
3071,2,3.75
3072,2,2.5
3074,1,5.0
3076,7,4.214285714285714
3077,1,4.0
3079,2,4.5
3080,4,4.625
3081,2,3.25
3082,1,5.0
3083,1,5.0
3084,1,4.5
3085,5,4.3
3086,1,4.5
3087,1,5.0
3088,2,4.25
3090,2,4.0
3092,2,3.5
3093,1,3.5
3094,6,4.666666666666667
3095,1,5.0
3096,1,5.0
3098,2,4.0
3099,4,4.5
3101,43,4.22093023255814
3102,2,4.25
3105,2,4.75
3106,1,4.0
3107,3,4.0
3108,1,4.5
3109,3,4.333333333333333
3110,2,4.25
3111,1,4.5
3112,1,4.5
3113,1,4.5
3114,3,4.0
3115,1,4.0
3116,2,3.75
3118,2,4.0
3119,2,4.75
3121,4,4.25
3123,2,3.75
3125,1,4.0
3127,2,5.0
3128,1,4.0
3131,2,4.5
3132,2,4.25
3133,2,3.5
3134,2,4.0
3136,1,2.5
3137,2,4.5
3138,1,4.5
3139,4,3.625
3141,42,4.428571428571429
3142,1,5.0
3143,1,5.0
3144,4,4.5
3145,4,4.625
3146,42,4.214285714285714
3147,3,4.5
3148,46,4.130434782608695
3149,2,4.5
3150,37,4.256756756756757
3151,1,5.0
3153,4,4.0
3154,3,4.5
3155,45,4.2
3157,1,4.5
3158,2,4.5
3160,7,3.9285714285714284
3161,2,4.75
3162,43,4.337209302325581
3163,45,4.311111111111111
3164,2,4.25
3166,52,4.230769230769231
3167,9,3.8333333333333335
3168,2,5.0
3169,59,4.220338983050848
3170,2,4.0
3172,48,4.197916666666667
3173,1,3.5
3174,1,3.5
3175,3,4.166666666666667
3176,1,5.0
3177,3,4.5
3178,3,4.666666666666667
3179,1,4.5
3180,2,5.0
3181,3,4.166666666666667
3182,2,4.75
3183,1,4.0
3184,2,4.25
3185,2,5.0
3186,2,4.5
3188,1,3.5
3190,2,4.0
3191,2,3.25
3192,1,4.0
3193,1,4.5
3195,37,3.9594594594594597
3196,2,3.0
3197,2,1.75
3199,2,4.25
3200,3,4.833333333333333
3201,4,4.5
3202,2,4.0
3204,1,5.0
3207,4,4.25
3208,3,3.8333333333333335
3209,2,4.0
3212,2,5.0
3214,38,4.2631578947368425
3216,3,5.0
3217,2,5.0
3218,34,4.0
3219,1,4.5
3220,1,2.5
3224,43,3.941860465116279
3225,2,4.0
3226,4,4.25
3227,1,4.5
3228,8,4.5
3229,1,3.5
3230,2,4.25
3231,2,4.25
3232,166,4.177710843373494
3233,3,4.333333333333333
3234,1,5.0
3235,3,4.0
3236,4,4.25
3237,1,5.0
3239,1,5.0
3240,4,4.25
3242,1,3.5
3243,1,4.5
3244,3,4.333333333333333
3245,1,4.5
3246,1,4.0
3248,44,4.170454545454546
3250,3,4.5
3254,2,4.75
3255,1,4.0
3256,1,4.5
3257,4,4.625
3258,2,5.0
3260,1,5.0
3261,1,5.0
3262,1,5.0
3263,2,3.75
3264,1,5.0
3265,4,4.375
3266,2,4.25
3267,8,4.75
3268,43,4.093023255813954
3269,2,4.75
3270,3,4.5
3271,1,4.5
3272,2,4.0
3273,1,4.0
3275,44,4.340909090909091
3276,3,3.3333333333333335
3277,6,4.583333333333333
3278,2,4.25
3279,1,4.0
3281,2,3.75
3282,3,3.6666666666666665
3283,48,4.239583333333333
3284,2,3.25
3285,2,4.0
3286,2,5.0
3288,1,4.5
3291,5,4.7
3292,1,5.0
3293,1,4.0
3294,2,3.5
3298,8,4.25
3299,45,4.188888888888889
3300,1,4.5
3302,3,4.166666666666667
3303,1,4.5
3304,1,4.0
3305,2,4.5
3306,1,5.0
3307,1,4.0
3308,2,4.25
3310,2,3.75
3311,3,3.8333333333333335
3312,2,4.25
3313,4,4.25
3317,2,4.75
3320,1,4.5
3321,5,4.7
3322,4,4.625
3323,1,3.0
3324,4,4.5
3326,3,5.0
3327,3,4.333333333333333
3328,1,5.0
3331,2,3.5
3333,49,4.285714285714286
3334,3,4.166666666666667
3335,1,5.0
3336,1,4.5
3337,3,4.5
3338,2,5.0
3339,1,4.5
3340,3,4.833333333333333
3342,1,5.0
3343,1,4.0
3344,1,5.0
3345,1,5.0
3346,2,3.75
3347,3,3.6666666666666665
3349,1,4.0
3351,3,4.833333333333333
3352,3,4.166666666666667
3353,2,4.75
3354,4,4.75
3355,1,4.5
3356,9,4.5
3357,2,3.5
3362,6,4.166666666666667
3363,1,4.5
3366,1,3.0
3367,1,4.5
3368,2,4.5
3369,2,4.75
3370,1,5.0
3371,2,5.0
3372,2,4.75
3374,1,3.5
3376,2,5.0
3377,1,5.0
3379,37,4.45945945945946
3380,1,5.0
3382,2,4.75
3383,2,3.75
3385,4,4.5
3386,2,5.0
3387,2,5.0
3388,1,4.0
3389,2,3.75
3390,4,4.5
3391,1,5.0
3392,1,4.5
3393,1,3.0
3394,2,4.75
3395,1,4.0
3398,1,4.5
3399,2,4.75
3400,1,4.0
3402,1,4.5
3403,1,5.0
3404,4,4.5
3405,50,4.42
3407,1,5.0
3408,1,5.0
3409,39,4.32051282051282
3410,40,4.3
3411,2,4.0
3412,1,4.0
3414,2,3.75
3416,6,4.75
3417,1,5.0
3418,2,4.25
3419,1,4.0
3420,2,4.75
3421,41,4.2439024390243905
3422,1,5.0
3423,41,4.304878048780488
3425,2,4.75
3426,1,5.0
3427,1,2.0
3429,1,5.0
3432,4,4.625
3433,3,3.5
3435,40,4.6875
3436,3,5.0
3437,5,4.6
3438,1,4.5
3439,61,4.409836065573771
3440,1,5.0
3443,1,4.5
3444,2,4.75
3446,1,5.0
3447,3,4.166666666666667
3449,1,5.0
3450,1,5.0
3452,1,4.0
3453,1,4.5
3455,1,5.0
3456,39,4.551282051282051
3457,1,5.0
3458,3,4.333333333333333
3459,2,2.5
3461,1,4.5
3462,3,4.333333333333333
3463,2,4.75
3466,1,4.5
3467,1,5.0
3468,3,4.666666666666667
3470,3,5.0
3471,1,5.0
3472,2,5.0
3474,1,3.5
3475,1,4.0
3476,3,4.666666666666667
3477,1,4.5
3480,3,4.5
3481,2,3.0
3482,2,3.75
3483,3,4.333333333333333
3484,6,4.416666666666667
3485,2,4.5
3487,2,4.75
3488,3,4.833333333333333
3489,3,3.1666666666666665
3490,1,5.0
3491,2,4.0
3494,1,4.5
3497,1,4.0
3498,1,5.0
3499,1,5.0
3500,2,5.0
3503,2,4.75
3504,2,4.75
3506,3,4.333333333333333
3508,1,5.0
3509,1,4.5
3510,1,5.0
3511,3,4.333333333333333
3512,2,4.75
3513,2,4.0
3515,2,5.0
3516,2,4.25
3517,1,5.0
3518,4,4.5
3519,5,4.3
3520,1,5.0
3521,1,5.0
3523,2,4.5
3524,1,1.5
3525,2,4.75
3529,1,5.0
3531,4,4.25
3532,41,4.512195121951219
3533,4,4.5
3535,1,5.0
3537,1,5.0
3538,2,4.75
3539,2,3.25
3540,35,4.328571428571428
3543,40,4.3625
3544,2,4.0
3545,5,3.8
3548,46,4.282608695652174
3550,3,4.666666666666667
3551,2,5.0
3552,1,2.0
3554,2,3.75
3555,2,4.5
3556,5,4.6
3557,5,4.8
3558,44,4.386363636363637
3559,3,4.5
3561,45,4.288888888888889
3562,1,5.0
3564,1,5.0
3565,2,3.5
3566,3,5.0
3567,1,5.0
3568,3,4.666666666666667
3569,2,5.0
3570,41,4.365853658536586
3573,3,5.0
3576,2,4.25
3577,4,5.0
3578,48,4.385416666666667
3579,49,4.326530612244898
3580,2,4.25
3582,1,4.5
3585,2,3.0
3586,1,5.0
3587,1,4.5
3588,7,4.285714285714286
3590,7,4.857142857142857
3594,3,4.5
3595,1,2.0
3596,1,5.0
3598,2,4.5
3599,3,4.666666666666667
3600,1,5.0
3601,35,4.328571428571428
3602,2,4.5
3604,3,4.833333333333333
3605,2,4.0
3606,4,4.0
3607,2,5.0
3608,1,5.0
3609,1,4.5
3610,1,5.0
3611,2,4.75
3612,4,4.0
3613,1,5.0
3615,6,4.333333333333333
3616,2,5.0
3617,3,4.5
3618,1,4.5
3619,2,3.75
3620,3,4.833333333333333
3622,3,4.666666666666667
3624,1,5.0
3626,2,5.0
3627,41,4.451219512195122
3628,2,3.25
3629,1,3.0
3630,1,4.5
3631,2,4.75
3633,3,4.666666666666667
3635,1,5.0
3636,1,2.5
3637,3,4.5
3638,1,4.5
3639,1,5.0
3640,2,4.75
3641,3,4.5
3642,1,2.5
3643,56,4.482142857142857
3644,46,4.293478260869565
3645,1,4.0
3648,1,4.5
3650,2,4.0
3651,49,4.316326530612245
3652,3,4.166666666666667
3654,2,4.75
3655,41,4.317073170731708
3656,1,4.5
3659,2,4.75
3660,2,4.25
3662,47,4.159574468085107
3663,2,4.25
3664,2,4.5
3667,8,4.4375
3668,3,4.333333333333333
3669,2,5.0
3671,1,4.5
3672,2,4.25
3673,39,4.423076923076923
3675,3,4.166666666666667
3677,2,5.0
3678,2,4.75
3679,4,4.125
3680,1,4.5
3681,44,4.3522727272727275
3682,1,5.0
3683,2,4.75
3686,6,4.25
3687,44,4.4772727272727275
3689,36,4.291666666666667
3690,1,0.0
3692,44,4.431818181818182
3693,3,4.5
3694,2,4.25
3695,4,4.75
3696,3,4.166666666666667
3698,5,4.9
3699,5,4.0
3700,3,4.0
3702,1,5.0
3703,1,5.0
3704,5,4.7
3705,2,2.25
3706,1,5.0
3707,1,4.0
3708,1,4.5
3710,46,4.217391304347826
3711,2,5.0
3712,2,5.0
3713,3,4.833333333333333
3714,1,4.0
3715,2,4.5
3716,6,4.5
3717,2,4.5
3718,2,4.25
3719,1,3.5
3720,2,4.25
3721,4,4.25
3722,33,4.2272727272727275
3723,5,4.3
3724,2,4.75
3726,2,3.0
3727,1,4.5
3730,4,3.625
3731,2,4.25
3732,53,3.990566037735849
3735,49,4.020408163265306
3737,1,5.0
3738,58,4.2155172413793105
3739,1,4.5
3741,31,4.161290322580645
3742,172,4.1686046511627906
3743,1,5.0
3744,2,4.5
3745,1,3.5
3746,1,4.5
3749,4,3.875
3751,4,3.5
3752,4,3.875
3753,3,3.6666666666666665
3755,2,4.75
3757,51,4.098039215686274
3758,1,4.5
3759,43,4.104651162790698
3760,3,3.6666666666666665
3761,2,4.0
3762,32,4.0
3763,1,2.0
3764,1,5.0
3766,2,4.75
3768,2,4.0
3769,1,3.5
3770,4,4.5
3771,4,3.5
3772,38,4.25
3773,2,4.0
3775,4,2.875
3776,2,4.5
3777,1,4.0
3778,43,4.0
3779,49,4.122448979591836
3780,3,4.5
3781,1,5.0
3782,1,5.0
3783,51,3.8529411764705883
3784,1,5.0
3785,2,4.25
3786,1,3.5
3787,49,4.061224489795919
3788,1,5.0
3789,3,4.333333333333333
3790,2,4.75
3791,3,3.0
3792,2,4.75
3795,3,3.6666666666666665
3796,1,3.5
3797,39,4.128205128205129
3798,2,4.75
3800,1,4.0
3801,1,3.5
3803,3,4.5
3805,3,4.166666666666667
3806,2,4.25
3807,1,3.5
3810,2,2.25
3811,1,3.5
3812,2,3.75
3814,2,4.5
3815,2,4.5
3816,40,4.2375
3817,4,4.5
3818,2,4.25
3819,1,4.5
3820,1,4.0
3822,1,4.0
3823,3,3.6666666666666665
3824,1,5.0
3826,48,4.260416666666667
3827,3,4.166666666666667
3829,1,4.5
3831,2,2.5
3832,5,4.1
3833,4,4.375
3834,1,3.5
3836,43,4.116279069767442
3837,2,5.0
3838,1,4.0
3839,1,3.0
3840,5,4.4
3841,2,4.5
3842,47,4.180851063829787
3843,2,5.0
3844,55,4.1
3845,3,4.0
3846,5,3.9
3849,1,3.5
3850,3,3.6666666666666665
3851,2,4.75
3852,2,4.5
3853,1,5.0
3855,3,3.8333333333333335
3858,2,4.0
3859,48,4.104166666666667
3860,1,3.5
3861,5,4.5
3864,3,4.166666666666667
3865,2,3.5
3866,1,5.0
3867,2,4.0
3869,4,4.5
3871,68,4.257352941176471
3872,3,3.8333333333333335
3873,1,4.5
3875,4,4.25
3876,1,5.0
3878,2,3.75
3880,5,4.3
3884,1,3.5
3885,3,4.166666666666667
3886,3,3.8333333333333335
3887,2,4.0
3889,2,4.75
3890,1,4.0
3891,1,2.5
3892,49,4.153061224489796
3894,3,3.6666666666666665
3896,2,4.75
3897,44,4.1022727272727275
3898,4,3.5
3899,1,4.5
3900,50,3.93
3901,2,4.0
3902,4,4.75
3903,1,3.0
3904,1,5.0
3905,1,3.5
3906,1,5.0
3907,2,3.5
3909,1,4.5
3912,3,4.0
3913,2,4.25
3914,6,4.0
3915,1,3.0
3916,4,3.375
3917,1,5.0
3918,4,4.0
3919,1,4.5
3921,1,5.0
3923,2,4.25
3924,3,3.8333333333333335
3925,2,4.0
3926,2,2.75
3927,4,4.25
3929,9,4.444444444444445
3931,2,4.75
3932,109,3.889908256880734
3933,2,4.25
3934,3,2.5
3935,1,4.0
3937,1,4.0
3939,3,3.5
3943,1,4.5
3944,1,4.0
3945,2,3.75
3946,1,5.0
3949,41,3.8048780487804876
3951,1,3.5
3953,32,3.890625
3954,1,4.0
3956,1,4.5
3957,2,4.0
3958,1,4.0
3959,1,4.0
3960,1,4.0
3962,1,4.0
3963,1,2.0
3964,5,3.4
3965,43,3.7209302325581395
3967,3,2.6666666666666665
3968,2,3.0
3969,3,4.833333333333333
3970,5,3.5
3971,2,4.0
3972,1,4.5
3973,1,4.5
3974,48,3.7291666666666665
3975,2,4.25
3976,1,4.0
3977,2,4.25
3978,2,3.25
3979,1,2.0
3980,4,4.0
3981,2,3.75
3985,3,3.5
3986,1,3.0
3987,2,4.0
3988,43,3.6627906976744184
3989,2,2.75
3990,1,3.5
3991,2,4.75
3992,2,4.0
3993,2,4.0
3995,1,4.5
3996,11,3.409090909090909
3997,1,4.5
3999,39,3.9743589743589745
4000,2,4.5
4001,2,3.5
4003,3,4.0
4004,3,4.166666666666667
4005,1,5.0
4007,3,4.166666666666667
4008,52,4.0576923076923075
4009,4,3.375
4010,2,4.25
4012,1,3.0
4013,1,4.0
4014,2,4.5
4015,5,3.8
4016,2,3.75
4017,2,4.25
4018,1,4.0
4019,43,3.9186046511627906
4020,1,4.5
4021,2,4.0
4022,3,4.166666666666667
4023,4,4.375
4025,83,3.9397590361445785
4026,1,3.5
4027,3,4.0
4028,2,4.25
4030,1,4.0
4031,42,4.0476190476190474
4032,2,4.25
4033,2,4.0
4035,2,2.75
4036,1,4.0
4037,3,4.166666666666667
4039,1,5.0
4040,1,3.5
4041,1,4.0
4042,1,2.5
4043,2,3.0
4044,54,3.9166666666666665
4045,1,4.5
4047,2,4.5
4049,46,3.869565217391304
4051,8,4.25
4052,1,3.0
4053,3,4.166666666666667
4054,9,3.888888888888889
4056,1,4.0
4057,1,3.5
4058,1,2.5
4059,2,4.0
4060,3,4.166666666666667
4061,47,3.978723404255319
4062,5,4.2
4063,11,3.8181818181818183
4064,2,4.75
4066,2,4.5
4067,2,4.25
4068,3,2.8333333333333335
4071,4,3.75
4072,5,4.1
4073,3,3.8333333333333335
4074,1,5.0
4075,2,4.0
4076,3,4.333333333333333
4079,4,4.75
4080,40,4.075
4081,3,3.6666666666666665
4082,1,1.5
4083,2,3.75
4085,3,4.166666666666667
4086,2,3.75
4088,3,3.1666666666666665
4089,3,3.6666666666666665
4090,1,3.5
4091,1,3.5
4092,3,2.8333333333333335
4093,2,3.75
4094,37,3.5405405405405403
4095,2,3.5
4097,1,3.5
4098,41,3.6341463414634148
4100,1,4.0
4101,1,4.0
4103,1,4.0
4104,43,3.4651162790697674
4105,108,3.7268518518518516
4106,4,3.25
4108,2,4.25
4109,44,3.7045454545454546
4111,3,4.333333333333333
4112,1,2.5
4113,2,3.25
4115,3,3.0
4116,1,1.5
4117,2,3.75
4118,4,4.0
4119,1,3.0
4120,2,2.5
4122,2,3.5
4123,1,4.5
4124,3,3.6666666666666665
4127,2,3.5
4128,1,4.0
4129,2,3.5
4130,1,3.0
4131,2,2.5
4132,3,2.6666666666666665
4133,3,3.8333333333333335
4135,2,4.0
4136,2,2.5
4138,1,4.5
4139,2,4.0
4140,36,3.5555555555555554
4141,2,3.25
4142,3,4.0
4144,2,4.0
4145,2,2.25
4146,1,4.0
4147,43,3.4767441860465116
4148,38,3.6710526315789473
4150,2,3.75
4152,2,3.5
4153,2,3.75
4154,2,4.5
4156,1,4.0
4157,3,3.5
4158,1,4.0
4159,1,3.5
4160,3,2.5
4161,2,4.25
4162,3,3.3333333333333335
4163,1,2.0
4164,4,4.0
4165,2,3.75
4166,1,2.5
4167,2,4.0
4169,1,5.0
4171,1,4.5
4172,3,2.1666666666666665
4174,47,3.5638297872340425
4175,1,3.5
4177,45,3.6
4178,4,2.75
4179,1,4.0
4180,1,2.5
4182,1,3.0
4184,1,4.5
4185,2,3.5
4186,2,3.5
4190,7,3.9285714285714284
4191,1,4.0
4192,2,4.0
4193,2,3.75
4194,1,4.0
4196,2,3.0
4197,2,3.5
4198,1,4.5
4200,48,3.6458333333333335
4201,1,2.5
4203,2,4.25
4204,3,3.8333333333333335
4205,1,4.0
4206,2,3.5
4207,6,3.1666666666666665
4208,3,3.6666666666666665
4211,1,3.0
4212,38,3.460526315789474
4214,44,3.4545454545454546
4215,3,4.333333333333333
4216,3,3.8333333333333335
4218,1,3.5
4219,2,3.0
4220,2,3.75
4221,42,3.4523809523809526
4223,1,3.0
4224,5,3.6
4225,44,3.8181818181818183
4227,1,3.5
4229,39,3.6538461538461537
